loss,grad_norm,learning_rate,num_tokens,mean_token_accuracy,epoch,step,train_runtime,train_samples_per_second,train_steps_per_second,total_flos,train_loss
32.4238,,0.0,302.0,0.30952097475528717,2.9957609981875646e-05,1,,,,,
32.8325,,0.0,605.0,0.31058841943740845,5.991521996375129e-05,2,,,,,
33.6235,,0.0,984.0,0.30152372643351555,8.987282994562694e-05,3,,,,,
32.8814,,0.0,1274.0,0.31524500250816345,0.00011983043992750259,4,,,,,
31.2324,,0.0,1628.0,0.304304763674736,0.00014978804990937824,5,,,,,
30.3252,,0.0,2075.0,0.2770012691617012,0.00017974565989125387,6,,,,,
32.1038,,0.0,2375.0,0.3317292779684067,0.00020970326987312953,7,,,,,
31.5886,,0.0,2691.0,0.3579750955104828,0.00023966087985500517,8,,,,,
33.5865,,0.0,3028.0,0.3016605041921139,0.0002696184898368808,9,,,,,
28.062,60.19723892211914,0.0,3477.0,0.31900931149721146,0.00029957609981875647,10,,,,,
29.3414,63.02481460571289,6.666666666666667e-06,3917.0,0.32126428186893463,0.0003295337098006321,11,,,,,
30.7825,,1.3333333333333333e-05,4316.0,0.30841128528118134,0.00035949131978250774,12,,,,,
28.9086,63.390472412109375,1.3333333333333333e-05,4743.0,0.3700350224971771,0.0003894489297643834,13,,,,,
27.7757,69.54096221923828,2e-05,5077.0,0.3380969986319542,0.00041940653974625907,14,,,,,
26.4807,51.91036605834961,2.6666666666666667e-05,5473.0,0.33611268177628517,0.0004493641497281347,15,,,,,
22.67,37.12333297729492,3.3333333333333335e-05,5931.0,0.3840191811323166,0.00047932175971001034,16,,,,,
24.3515,47.53646469116211,4e-05,6251.0,0.39119236171245575,0.000509279369691886,17,,,,,
21.3641,26.73777961730957,4.666666666666667e-05,6650.0,0.39387327432632446,0.0005392369796737616,18,,,,,
20.4879,29.116708755493164,5.333333333333333e-05,6962.0,0.4033525809645653,0.0005691945896556372,19,,,,,
20.5044,23.217674255371094,6e-05,7318.0,0.4176233559846878,0.0005991521996375129,20,,,,,
18.8654,25.823326110839844,6.666666666666667e-05,7646.0,0.44502123445272446,0.0006291098096193885,21,,,,,
18.4026,21.24741554260254,7.333333333333333e-05,7956.0,0.42684120684862137,0.0006590674196012642,22,,,,,
16.2318,21.17336654663086,8e-05,8214.0,0.5013973414897919,0.0006890250295831399,23,,,,,
16.1923,20.954795837402344,8.666666666666667e-05,8546.0,0.4324277266860008,0.0007189826395650155,24,,,,,
16.6996,19.06524658203125,9.333333333333334e-05,8936.0,0.40837281942367554,0.0007489402495468912,25,,,,,
13.0851,21.325336456298828,0.0001,9294.0,0.5289498120546341,0.0007788978595287668,26,,,,,
15.5258,14.753883361816406,9.97938144329897e-05,9849.0,0.4176143854856491,0.0008088554695106424,27,,,,,
12.8635,13.104616165161133,9.958762886597939e-05,10175.0,0.5480265021324158,0.0008388130794925181,28,,,,,
15.575,11.314288139343262,9.938144329896908e-05,10546.0,0.45324021577835083,0.0008687706894743937,29,,,,,
12.4233,11.535117149353027,9.917525773195877e-05,10891.0,0.5487227812409401,0.0008987282994562694,30,,,,,
15.0384,12.31163215637207,9.896907216494846e-05,11450.0,0.4227983355522156,0.0009286859094381451,31,,,,,
12.6724,13.313669204711914,9.876288659793816e-05,11777.0,0.5120938643813133,0.0009586435194200207,32,,,,,
10.5308,13.558389663696289,9.855670103092784e-05,12110.0,0.5750391632318497,0.0009886011294018963,33,,,,,
13.1497,12.405389785766602,9.835051546391753e-05,12560.0,0.5008486732840538,0.001018558739383772,34,,,,,
13.3354,11.886358261108398,9.814432989690721e-05,13054.0,0.4836517199873924,0.0010485163493656475,35,,,,,
11.7904,11.984354972839355,9.793814432989691e-05,13394.0,0.5377253964543343,0.0010784739593475232,36,,,,,
10.5798,13.944734573364258,9.77319587628866e-05,13688.0,0.5819962024688721,0.001108431569329399,37,,,,,
12.4012,13.22378921508789,9.752577319587629e-05,13983.0,0.5342696756124496,0.0011383891793112744,38,,,,,
11.5018,11.475911140441895,9.731958762886598e-05,14396.0,0.5328752249479294,0.0011683467892931502,39,,,,,
11.1463,11.999923706054688,9.711340206185567e-05,14768.0,0.5553270801901817,0.0011983043992750259,40,,,,,
11.8175,12.39933967590332,9.690721649484537e-05,15119.0,0.5224353149533272,0.0012282620092569014,41,,,,,
11.1131,12.575608253479004,9.670103092783506e-05,15535.0,0.576093502342701,0.001258219619238777,42,,,,,
12.6239,11.86052417755127,9.649484536082475e-05,15891.0,0.5609544888138771,0.0012881772292206528,43,,,,,
8.7478,11.53136157989502,9.628865979381444e-05,16209.0,0.6353761553764343,0.0013181348392025283,44,,,,,
11.8569,11.584695816040039,9.608247422680413e-05,16581.0,0.5394984409213066,0.001348092449184404,45,,,,,
10.0501,10.99267864227295,9.587628865979382e-05,16961.0,0.5899513214826584,0.0013780500591662798,46,,,,,
10.3588,9.567086219787598,9.567010309278352e-05,17414.0,0.5925043523311615,0.0014080076691481553,47,,,,,
14.1829,11.119580268859863,9.54639175257732e-05,17908.0,0.44032197445631027,0.001437965279130031,48,,,,,
11.1184,9.8601713180542,9.525773195876289e-05,18317.0,0.5466116517782211,0.0014679228891119067,49,,,,,
11.6376,11.860014915466309,9.505154639175257e-05,18672.0,0.5498262345790863,0.0014978804990937824,50,,,,,
12.3146,10.880094528198242,9.484536082474227e-05,19101.0,0.5043316632509232,0.001527838109075658,51,,,,,
11.5369,10.582171440124512,9.463917525773196e-05,19509.0,0.5364838987588882,0.0015577957190575336,52,,,,,
8.5015,10.624724388122559,9.443298969072165e-05,19773.0,0.6449393332004547,0.0015877533290394093,53,,,,,
10.7678,10.010139465332031,9.422680412371135e-05,20115.0,0.5769245103001595,0.0016177109390212848,54,,,,,
8.4741,11.526081085205078,9.402061855670103e-05,20370.0,0.6588194519281387,0.0016476685490031606,55,,,,,
9.4828,12.389833450317383,9.381443298969073e-05,20670.0,0.6187960729002953,0.0016776261589850363,56,,,,,
12.567,10.858150482177734,9.360824742268042e-05,21084.0,0.5269145593047142,0.0017075837689669118,57,,,,,
9.4591,11.28701114654541,9.34020618556701e-05,21559.0,0.6031494587659836,0.0017375413789487875,58,,,,,
9.8911,12.073330879211426,9.31958762886598e-05,21966.0,0.5715917199850082,0.0017674989889306632,59,,,,,
10.3536,11.00092887878418,9.298969072164949e-05,22357.0,0.5526452139019966,0.0017974565989125387,60,,,,,
11.6571,11.723733901977539,9.278350515463918e-05,22777.0,0.5163832008838654,0.0018274142088944144,61,,,,,
12.2464,11.619303703308105,9.257731958762888e-05,23214.0,0.5206084325909615,0.0018573718188762901,62,,,,,
9.7854,11.088387489318848,9.237113402061856e-05,23543.0,0.602766752243042,0.0018873294288581656,63,,,,,
11.3705,12.4141206741333,9.216494845360825e-05,23962.0,0.5223923102021217,0.0019172870388400414,64,,,,,
11.489,11.398768424987793,9.195876288659793e-05,24300.0,0.5550595298409462,0.001947244648821917,65,,,,,
7.7845,12.043212890625,9.175257731958763e-05,24617.0,0.6666666567325592,0.0019772022588037926,66,,,,,
11.8826,11.370634078979492,9.154639175257733e-05,25006.0,0.5319142863154411,0.002007159868785668,67,,,,,
12.0628,10.629853248596191,9.134020618556701e-05,25426.0,0.5041845068335533,0.002037117478767544,68,,,,,
10.8619,9.523537635803223,9.11340206185567e-05,25912.0,0.5669790804386139,0.0020670750887494195,69,,,,,
7.8645,10.366394996643066,9.092783505154639e-05,26200.0,0.6664416491985321,0.002097032698731295,70,,,,,
9.4583,9.721863746643066,9.072164948453609e-05,26565.0,0.6043125316500664,0.002126990308713171,71,,,,,
11.1261,10.215617179870605,9.051546391752578e-05,27042.0,0.5360045284032822,0.0021569479186950465,72,,,,,
13.259,12.49152660369873,9.030927835051547e-05,27563.0,0.4914853572845459,0.002186905528676922,73,,,,,
9.7086,10.90981388092041,9.010309278350516e-05,27893.0,0.6233660280704498,0.002216863138658798,74,,,,,
10.8705,12.605328559875488,8.989690721649485e-05,28305.0,0.5762213468551636,0.0022468207486406734,75,,,,,
9.0251,11.60271167755127,8.969072164948454e-05,28679.0,0.6247186213731766,0.002276778358622549,76,,,,,
9.0556,10.911130905151367,8.948453608247424e-05,28984.0,0.639692485332489,0.002306735968604425,77,,,,,
12.8568,10.234705924987793,8.927835051546392e-05,29554.0,0.4680890664458275,0.0023366935785863003,78,,,,,
9.1361,10.678967475891113,8.907216494845362e-05,29889.0,0.6230709701776505,0.002366651188568176,79,,,,,
10.0407,11.316451072692871,8.886597938144329e-05,30282.0,0.5799631774425507,0.0023966087985500518,80,,,,,
9.7096,10.469133377075195,8.865979381443299e-05,30651.0,0.5954596772789955,0.0024265664085319273,81,,,,,
10.7351,11.272123336791992,8.845360824742269e-05,30982.0,0.5729643702507019,0.0024565240185138028,82,,,,,
9.9744,10.217571258544922,8.824742268041237e-05,31381.0,0.5707398876547813,0.0024864816284956787,83,,,,,
10.4787,10.791949272155762,8.804123711340207e-05,31804.0,0.5567689388990402,0.002516439238477554,84,,,,,
9.7861,10.985916137695312,8.783505154639175e-05,32127.0,0.6045278757810593,0.0025463968484594297,85,,,,,
8.7933,10.523362159729004,8.762886597938145e-05,32425.0,0.627096563577652,0.0025763544584413056,86,,,,,
9.4994,10.315369606018066,8.742268041237114e-05,32829.0,0.602968767285347,0.002606312068423181,87,,,,,
8.8688,9.934586524963379,8.721649484536083e-05,33169.0,0.6257203072309494,0.0026362696784050566,88,,,,,
8.8458,10.63509750366211,8.701030927835052e-05,33422.0,0.6736419796943665,0.0026662272883869326,89,,,,,
9.0958,10.891084671020508,8.680412371134021e-05,33720.0,0.6108127683401108,0.002696184898368808,90,,,,,
7.6912,13.925888061523438,8.65979381443299e-05,34080.0,0.6744908094406128,0.0027261425083506836,91,,,,,
9.9764,10.164376258850098,8.63917525773196e-05,34495.0,0.5826215147972107,0.0027561001183325595,92,,,,,
10.5516,10.459053993225098,8.618556701030929e-05,35014.0,0.5339869484305382,0.002786057728314435,93,,,,,
11.9083,9.914353370666504,8.597938144329898e-05,35527.0,0.4772304370999336,0.0028160153382963105,94,,,,,
9.9206,10.475152015686035,8.577319587628865e-05,35928.0,0.5878323838114738,0.0028459729482781864,95,,,,,
12.1166,10.770726203918457,8.556701030927835e-05,36355.0,0.5199277475476265,0.002875930558260062,96,,,,,
6.8478,11.38045597076416,8.536082474226805e-05,36593.0,0.7344307899475098,0.0029058881682419374,97,,,,,
11.6201,11.295985221862793,8.515463917525773e-05,37064.0,0.5278936550021172,0.0029358457782238134,98,,,,,
9.6453,12.199336051940918,8.494845360824743e-05,37367.0,0.5987274348735809,0.002965803388205689,99,,,,,
9.6393,11.74180793762207,8.474226804123711e-05,37693.0,0.6251523196697235,0.002995760998187565,100,,,,,
9.6193,11.704322814941406,8.453608247422681e-05,38001.0,0.6053317487239838,0.0030257186081694403,101,,,,,
12.0057,10.2785062789917,8.43298969072165e-05,38451.0,0.5095353871583939,0.003055676218151316,102,,,,,
9.9985,10.37341594696045,8.412371134020619e-05,38804.0,0.5912651419639587,0.0030856338281331917,103,,,,,
8.9029,11.37779426574707,8.391752577319589e-05,39118.0,0.6514826565980911,0.0031155914381150672,104,,,,,
9.6553,10.123849868774414,8.371134020618557e-05,39459.0,0.5923447757959366,0.0031455490480969427,105,,,,,
9.9783,12.933238983154297,8.350515463917527e-05,39814.0,0.5937733501195908,0.0031755066580788187,106,,,,,
9.0642,9.567964553833008,8.329896907216496e-05,40231.0,0.6289725303649902,0.003205464268060694,107,,,,,
10.6714,12.142927169799805,8.309278350515465e-05,40551.0,0.5822019651532173,0.0032354218780425697,108,,,,,
9.7693,9.978582382202148,8.288659793814434e-05,40871.0,0.5973503291606903,0.0032653794880244456,109,,,,,
8.2471,11.54220199584961,8.268041237113401e-05,41104.0,0.6641250550746918,0.003295337098006321,110,,,,,
11.4505,12.029834747314453,8.247422680412371e-05,41493.0,0.5203322917222977,0.0033252947079881966,111,,,,,
9.73,11.168253898620605,8.226804123711341e-05,41843.0,0.5934351086616516,0.0033552523179700726,112,,,,,
11.8087,10.64434814453125,8.206185567010309e-05,42304.0,0.491913840174675,0.003385209927951948,113,,,,,
9.1094,10.839882850646973,8.185567010309279e-05,42650.0,0.6402103304862976,0.0034151675379338236,114,,,,,
9.6557,10.873566627502441,8.164948453608247e-05,43004.0,0.5961572304368019,0.0034451251479156995,115,,,,,
10.4848,11.032282829284668,8.144329896907217e-05,43384.0,0.5556207671761513,0.003475082757897575,116,,,,,
10.032,10.52484130859375,8.123711340206187e-05,43759.0,0.5975337475538254,0.0035050403678794505,117,,,,,
9.0388,11.11106014251709,8.103092783505155e-05,44170.0,0.5976531505584717,0.0035349979778613264,118,,,,,
7.1903,13.378857612609863,8.082474226804125e-05,44403.0,0.6903423517942429,0.003564955587843202,119,,,,,
10.9868,10.79629898071289,8.061855670103093e-05,44775.0,0.5346153303980827,0.0035949131978250774,120,,,,,
11.5032,12.481599807739258,8.041237113402063e-05,45204.0,0.5520192757248878,0.0036248708078069534,121,,,,,
10.7725,12.086348533630371,8.020618556701032e-05,45661.0,0.5444197431206703,0.003654828417788829,122,,,,,
9.6811,10.762134552001953,8e-05,46014.0,0.6163017749786377,0.0036847860277707044,123,,,,,
8.703,10.2637939453125,7.97938144329897e-05,46363.0,0.6373286098241806,0.0037147436377525803,124,,,,,
9.0668,10.594626426696777,7.958762886597937e-05,46715.0,0.6239117980003357,0.003744701247734456,125,,,,,
10.0419,11.144006729125977,7.938144329896907e-05,47086.0,0.5588253736495972,0.0037746588577163313,126,,,,,
10.2368,9.530866622924805,7.917525773195877e-05,47569.0,0.5827184021472931,0.0038046164676982072,127,,,,,
10.0743,11.826581001281738,7.896907216494845e-05,47930.0,0.5915812402963638,0.0038345740776800827,128,,,,,
8.8597,10.640531539916992,7.876288659793815e-05,48250.0,0.6227409318089485,0.0038645316876619582,129,,,,,
8.8168,12.372546195983887,7.855670103092783e-05,48647.0,0.5938009470701218,0.003894489297643834,130,,,,,
9.2849,11.734186172485352,7.835051546391753e-05,49007.0,0.631913036108017,0.00392444690762571,131,,,,,
7.815,12.48336124420166,7.814432989690723e-05,49265.0,0.6686607599258423,0.003954404517607585,132,,,,,
10.1448,10.278090476989746,7.793814432989691e-05,49688.0,0.5595813244581223,0.003984362127589461,133,,,,,
10.1713,11.481915473937988,7.77319587628866e-05,50027.0,0.6159042865037918,0.004014319737571336,134,,,,,
10.7455,11.729857444763184,7.752577319587629e-05,50457.0,0.545024611055851,0.0040442773475532125,135,,,,,
8.4873,11.877279281616211,7.731958762886599e-05,50763.0,0.6515888720750809,0.004074234957535088,136,,,,,
8.2738,14.423508644104004,7.711340206185568e-05,51003.0,0.641690731048584,0.0041041925675169635,137,,,,,
11.3988,12.267721176147461,7.690721649484537e-05,51434.0,0.5323951840400696,0.004134150177498839,138,,,,,
10.5168,11.849312782287598,7.670103092783506e-05,51815.0,0.5605511367321014,0.0041641077874807145,139,,,,,
12.3025,12.215832710266113,7.649484536082473e-05,52326.0,0.47954361885786057,0.00419406539746259,140,,,,,
11.9632,12.330388069152832,7.628865979381443e-05,52767.0,0.4862319529056549,0.004224023007444466,141,,,,,
11.0909,11.083449363708496,7.608247422680413e-05,53230.0,0.5425421074032784,0.004253980617426342,142,,,,,
10.2657,12.334107398986816,7.587628865979381e-05,53618.0,0.589131236076355,0.004283938227408217,143,,,,,
8.5163,10.798129081726074,7.567010309278351e-05,53870.0,0.6484375,0.004313895837390093,144,,,,,
9.5765,10.464834213256836,7.546391752577319e-05,54280.0,0.5866419896483421,0.004343853447371968,145,,,,,
8.9284,9.817093849182129,7.525773195876289e-05,54699.0,0.6073519736528397,0.004373811057353844,146,,,,,
9.0787,10.636072158813477,7.505154639175259e-05,55046.0,0.6094275265932083,0.00440376866733572,147,,,,,
7.7464,11.648000717163086,7.484536082474227e-05,55334.0,0.6864110454916954,0.004433726277317596,148,,,,,
9.2781,11.460010528564453,7.463917525773197e-05,55710.0,0.6205476373434067,0.004463683887299471,149,,,,,
12.5233,10.323606491088867,7.443298969072165e-05,56177.0,0.49081364274024963,0.004493641497281347,150,,,,,
9.086,9.980141639709473,7.422680412371135e-05,56622.0,0.6013241186738014,0.004523599107263222,151,,,,,
9.6855,10.000492095947266,7.402061855670104e-05,57124.0,0.5847091823816299,0.004553556717245098,152,,,,,
10.3677,12.002180099487305,7.381443298969073e-05,57469.0,0.5609880983829498,0.004583514327226974,153,,,,,
9.6345,11.579667091369629,7.360824742268042e-05,57797.0,0.59851935505867,0.00461347193720885,154,,,,,
8.8506,11.922480583190918,7.34020618556701e-05,58084.0,0.6294366121292114,0.004643429547190725,155,,,,,
9.7775,10.339902877807617,7.319587628865979e-05,58449.0,0.5985367447137833,0.004673387157172601,156,,,,,
7.5065,11.694621086120605,7.298969072164949e-05,58758.0,0.6841450929641724,0.004703344767154476,157,,,,,
11.0231,13.386821746826172,7.278350515463917e-05,59174.0,0.5358963832259178,0.004733302377136352,158,,,,,
7.6965,10.235100746154785,7.257731958762887e-05,59498.0,0.6759860515594482,0.004763259987118228,159,,,,,
8.8225,11.730627059936523,7.237113402061855e-05,59857.0,0.6363981813192368,0.0047932175971001035,160,,,,,
11.084,13.101819038391113,7.216494845360825e-05,60245.0,0.5132250338792801,0.004823175207081979,161,,,,,
10.2016,12.361774444580078,7.195876288659795e-05,60635.0,0.5504598990082741,0.0048531328170638545,162,,,,,
9.2783,10.93608570098877,7.175257731958763e-05,61003.0,0.5860882923007011,0.00488309042704573,163,,,,,
8.4368,11.830703735351562,7.154639175257733e-05,61335.0,0.6362498700618744,0.0049130480370276055,164,,,,,
10.9144,11.257795333862305,7.134020618556701e-05,61826.0,0.5211194753646851,0.004943005647009482,165,,,,,
10.7201,10.529770851135254,7.113402061855671e-05,62257.0,0.5469367951154709,0.004972963256991357,166,,,,,
9.4801,11.496033668518066,7.09278350515464e-05,62600.0,0.5856417492032051,0.005002920866973233,167,,,,,
7.2924,10.906432151794434,7.072164948453609e-05,62822.0,0.6874523311853409,0.005032878476955108,168,,,,,
9.5701,11.283515930175781,7.051546391752579e-05,63166.0,0.58816909044981,0.005062836086936984,169,,,,,
11.5383,10.534727096557617,7.030927835051546e-05,63551.0,0.5287594050168991,0.005092793696918859,170,,,,,
12.4777,11.115565299987793,7.010309278350515e-05,64061.0,0.4957132190465927,0.005122751306900736,171,,,,,
7.861,10.37423038482666,6.989690721649485e-05,64378.0,0.6690664738416672,0.005152708916882611,172,,,,,
8.9016,11.75383186340332,6.969072164948453e-05,64683.0,0.6535891741514206,0.005182666526864487,173,,,,,
11.0917,10.783122062683105,6.948453608247423e-05,65080.0,0.5645948946475983,0.005212624136846362,174,,,,,
7.6685,11.123723983764648,6.927835051546391e-05,65483.0,0.6744096577167511,0.005242581746828238,175,,,,,
7.4948,11.458303451538086,6.907216494845361e-05,65820.0,0.6964984685182571,0.005272539356810113,176,,,,,
7.9444,10.337352752685547,6.886597938144331e-05,66208.0,0.6882119029760361,0.00530249696679199,177,,,,,
7.6282,10.261495590209961,6.865979381443299e-05,66539.0,0.6564314439892769,0.005332454576773865,178,,,,,
6.7946,10.321863174438477,6.845360824742269e-05,66784.0,0.721848875284195,0.005362412186755741,179,,,,,
8.927,10.536308288574219,6.824742268041237e-05,67176.0,0.5946087539196014,0.005392369796737616,180,,,,,
9.2786,12.28006362915039,6.804123711340207e-05,67487.0,0.6024056822061539,0.005422327406719492,181,,,,,
8.8569,11.489538192749023,6.783505154639177e-05,67838.0,0.6261698380112648,0.005452285016701367,182,,,,,
9.3234,11.745699882507324,6.762886597938145e-05,68185.0,0.6056411415338516,0.0054822426266832435,183,,,,,
9.9547,14.19353199005127,6.742268041237115e-05,68459.0,0.585634358227253,0.005512200236665119,184,,,,,
8.8732,11.540639877319336,6.721649484536083e-05,68756.0,0.6099738031625748,0.0055421578466469945,185,,,,,
8.4072,11.112371444702148,6.701030927835051e-05,69066.0,0.6496658623218536,0.00557211545662887,186,,,,,
9.2675,11.892537117004395,6.680412371134021e-05,69430.0,0.626796767115593,0.0056020730666107455,187,,,,,
7.5881,13.21273136138916,6.659793814432989e-05,69687.0,0.6612257212400436,0.005632030676592621,188,,,,,
7.279,11.792915344238281,6.639175257731959e-05,69991.0,0.6539406925439835,0.005661988286574497,189,,,,,
9.4214,11.752696990966797,6.618556701030927e-05,70387.0,0.5989902317523956,0.005691945896556373,190,,,,,
10.4729,13.241973876953125,6.597938144329897e-05,70762.0,0.5566772818565369,0.005721903506538248,191,,,,,
10.8026,11.336258888244629,6.577319587628867e-05,71195.0,0.5400102809071541,0.005751861116520124,192,,,,,
9.8355,13.659027099609375,6.556701030927835e-05,71571.0,0.6254266947507858,0.005781818726501999,193,,,,,
9.3486,10.514410018920898,6.536082474226805e-05,71937.0,0.5932931154966354,0.005811776336483875,194,,,,,
8.8957,10.269519805908203,6.515463917525773e-05,72339.0,0.6437976509332657,0.005841733946465751,195,,,,,
11.2559,11.48610782623291,6.494845360824743e-05,72720.0,0.5562038198113441,0.005871691556447627,196,,,,,
8.4426,10.219097137451172,6.474226804123713e-05,73148.0,0.6139751821756363,0.005901649166429502,197,,,,,
7.3453,11.089191436767578,6.453608247422681e-05,73492.0,0.7078638225793839,0.005931606776411378,198,,,,,
10.393,11.48215103149414,6.43298969072165e-05,73905.0,0.5662615448236465,0.005961564386393253,199,,,,,
8.5998,11.196210861206055,6.412371134020619e-05,74234.0,0.636580616235733,0.00599152199637513,200,,,,,
10.1908,10.788919448852539,6.391752577319587e-05,74697.0,0.5696774274110794,0.006021479606357005,201,,,,,
10.14,13.634385108947754,6.371134020618557e-05,75144.0,0.5736998319625854,0.006051437216338881,202,,,,,
10.605,10.992395401000977,6.350515463917525e-05,75572.0,0.5336890816688538,0.006081394826320756,203,,,,,
9.6282,12.867887496948242,6.329896907216495e-05,75952.0,0.5724312663078308,0.006111352436302632,204,,,,,
8.599,11.474902153015137,6.309278350515463e-05,76314.0,0.6274314075708389,0.006141310046284507,205,,,,,
11.3561,10.92131233215332,6.288659793814433e-05,76845.0,0.5277556553483009,0.0061712676562663835,206,,,,,
9.1504,12.181126594543457,6.268041237113403e-05,77175.0,0.6210505068302155,0.006201225266248259,207,,,,,
9.0311,9.931198120117188,6.247422680412371e-05,77550.0,0.6322278752923012,0.0062311828762301345,208,,,,,
7.7104,11.140715599060059,6.226804123711341e-05,77926.0,0.6323593184351921,0.00626114048621201,209,,,,,
10.8047,13.818991661071777,6.206185567010309e-05,78340.0,0.5452936813235283,0.0062910980961938855,210,,,,,
8.1444,11.220946311950684,6.185567010309279e-05,78626.0,0.6542292684316635,0.006321055706175761,211,,,,,
9.7229,10.434161186218262,6.164948453608249e-05,79102.0,0.5932726487517357,0.006351013316157637,212,,,,,
9.1546,12.868555068969727,6.144329896907217e-05,79394.0,0.632173478603363,0.006380970926139513,213,,,,,
8.8736,12.959588050842285,6.123711340206187e-05,79699.0,0.6301305890083313,0.006410928536121388,214,,,,,
9.2903,13.147744178771973,6.103092783505156e-05,80128.0,0.5899273604154587,0.006440886146103264,215,,,,,
9.9944,11.339059829711914,6.0824742268041234e-05,80630.0,0.5881217420101166,0.006470843756085139,216,,,,,
9.6172,11.286866188049316,6.0618556701030924e-05,81052.0,0.5818680971860886,0.006500801366067015,217,,,,,
8.4252,11.609010696411133,6.041237113402062e-05,81395.0,0.6518033891916275,0.006530758976048891,218,,,,,
7.6615,12.263531684875488,6.020618556701031e-05,81662.0,0.6800551265478134,0.006560716586030767,219,,,,,
7.9899,12.715789794921875,6e-05,81965.0,0.6469595804810524,0.006590674196012642,220,,,,,
8.1867,10.837950706481934,5.979381443298969e-05,82303.0,0.6382188126444817,0.006620631805994518,221,,,,,
10.7566,12.008810997009277,5.958762886597938e-05,82681.0,0.5523490309715271,0.006650589415976393,222,,,,,
8.9767,11.718082427978516,5.938144329896907e-05,83069.0,0.6289038211107254,0.006680547025958269,223,,,,,
10.6866,11.15481948852539,5.917525773195877e-05,83625.0,0.5559366717934608,0.006710504635940145,224,,,,,
8.5385,12.919756889343262,5.896907216494846e-05,84011.0,0.6285640075802803,0.006740462245922021,225,,,,,
10.1018,12.14638614654541,5.876288659793815e-05,84382.0,0.5879262760281563,0.006770419855903896,226,,,,,
10.2601,11.86665153503418,5.855670103092784e-05,84722.0,0.583016611635685,0.006800377465885772,227,,,,,
8.1588,11.6742582321167,5.835051546391753e-05,85003.0,0.656588189303875,0.006830335075867647,228,,,,,
9.4963,11.307088851928711,5.814432989690722e-05,85394.0,0.6009301319718361,0.006860292685849523,229,,,,,
8.0859,11.332707405090332,5.793814432989692e-05,85679.0,0.6296200454235077,0.006890250295831399,230,,,,,
9.4696,9.80025863647461,5.7731958762886594e-05,86185.0,0.5930427014827728,0.0069202079058132745,231,,,,,
10.0395,12.534157752990723,5.7525773195876285e-05,86551.0,0.5771035701036453,0.00695016551579515,232,,,,,
10.4288,15.099900245666504,5.731958762886598e-05,86931.0,0.5335041731595993,0.0069801231257770255,233,,,,,
9.3779,11.747389793395996,5.711340206185567e-05,87232.0,0.599251464009285,0.007010080735758901,234,,,,,
9.2371,10.851521492004395,5.690721649484536e-05,87541.0,0.6063153445720673,0.0070400383457407765,235,,,,,
9.7596,10.466415405273438,5.670103092783505e-05,87973.0,0.5918274968862534,0.007069995955722653,236,,,,,
8.9901,12.259354591369629,5.649484536082474e-05,88290.0,0.6112042814493179,0.007099953565704528,237,,,,,
11.4549,11.48115348815918,5.628865979381443e-05,88752.0,0.516862653195858,0.007129911175686404,238,,,,,
8.3309,14.507161140441895,5.608247422680413e-05,89041.0,0.6091766804456711,0.007159868785668279,239,,,,,
9.6457,10.214277267456055,5.587628865979382e-05,89511.0,0.5753252878785133,0.007189826395650155,240,,,,,
8.8902,11.330355644226074,5.567010309278351e-05,89890.0,0.5854926556348801,0.00721978400563203,241,,,,,
8.7199,22.821447372436523,5.54639175257732e-05,90162.0,0.6439025402069092,0.007249741615613907,242,,,,,
9.7294,13.797266006469727,5.525773195876289e-05,90541.0,0.5949754565954208,0.007279699225595782,243,,,,,
7.712,17.692262649536133,5.505154639175258e-05,90827.0,0.6855528354644775,0.007309656835577658,244,,,,,
7.8248,9.978679656982422,5.484536082474228e-05,91230.0,0.686020165681839,0.007339614445559533,245,,,,,
9.1429,11.371893882751465,5.4639175257731955e-05,91512.0,0.6287247091531754,0.007369572055541409,246,,,,,
9.0561,13.41680908203125,5.4432989690721645e-05,91812.0,0.6015824526548386,0.007399529665523284,247,,,,,
9.9311,12.839869499206543,5.422680412371134e-05,92170.0,0.5852085202932358,0.007429487275505161,248,,,,,
9.057,14.103732109069824,5.402061855670103e-05,92555.0,0.6200330704450607,0.007459444885487036,249,,,,,
11.6048,10.40494155883789,5.381443298969072e-05,93121.0,0.49889635294675827,0.007489402495468912,250,,,,,
8.7632,14.291654586791992,5.360824742268041e-05,93407.0,0.6021081954240799,0.007519360105450787,251,,,,,
9.9151,11.302979469299316,5.34020618556701e-05,93741.0,0.5597050935029984,0.007549317715432663,252,,,,,
7.521,12.82298469543457,5.319587628865979e-05,94015.0,0.6844777166843414,0.007579275325414538,253,,,,,
7.7033,16.309650421142578,5.298969072164949e-05,94345.0,0.6416303366422653,0.0076092329353964145,254,,,,,
9.0877,10.999256134033203,5.278350515463918e-05,94693.0,0.6209597289562225,0.00763919054537829,255,,,,,
7.7763,12.29016399383545,5.257731958762887e-05,94941.0,0.6887635439634323,0.0076691481553601655,256,,,,,
10.341,11.222370147705078,5.237113402061856e-05,95415.0,0.5797197967767715,0.007699105765342041,257,,,,,
8.4944,11.595597267150879,5.216494845360825e-05,95692.0,0.6534790396690369,0.0077290633753239165,258,,,,,
7.7066,9.831803321838379,5.195876288659794e-05,96160.0,0.6486245393753052,0.007759020985305792,259,,,,,
10.7683,12.08517074584961,5.175257731958764e-05,96595.0,0.538105808198452,0.007788978595287668,260,,,,,
9.6248,12.094895362854004,5.1546391752577315e-05,96896.0,0.5965160727500916,0.007818936205269543,261,,,,,
8.7655,14.070083618164062,5.1340206185567006e-05,97267.0,0.6330494284629822,0.00784889381525142,262,,,,,
10.3965,12.950374603271484,5.11340206185567e-05,97715.0,0.5653352737426758,0.007878851425233296,263,,,,,
9.6329,11.150704383850098,5.092783505154639e-05,98063.0,0.6051401719450951,0.00790880903521517,264,,,,,
10.5252,12.730518341064453,5.072164948453608e-05,98437.0,0.5754144862294197,0.007938766645197047,265,,,,,
9.7738,14.46807861328125,5.051546391752577e-05,98842.0,0.5776400864124298,0.007968724255178921,266,,,,,
7.1914,12.559091567993164,5.0309278350515464e-05,99142.0,0.6861735433340073,0.007998681865160798,267,,,,,
10.7924,12.161322593688965,5.0103092783505154e-05,99617.0,0.554979495704174,0.008028639475142672,268,,,,,
9.3301,10.177071571350098,4.989690721649485e-05,100011.0,0.593801960349083,0.008058597085124549,269,,,,,
7.6387,12.177531242370605,4.969072164948454e-05,100321.0,0.6622802317142487,0.008088554695106425,270,,,,,
10.163,12.50209903717041,4.948453608247423e-05,100705.0,0.5880050361156464,0.0081185123050883,271,,,,,
8.2333,11.622747421264648,4.927835051546392e-05,100988.0,0.651249036192894,0.008148469915070176,272,,,,,
7.3971,12.418583869934082,4.9072164948453605e-05,101300.0,0.650352731347084,0.00817842752505205,273,,,,,
9.4289,12.789569854736328,4.88659793814433e-05,101635.0,0.6042971983551979,0.008208385135033927,274,,,,,
8.6241,13.106332778930664,4.865979381443299e-05,101927.0,0.6460810750722885,0.008238342745015803,275,,,,,
8.995,10.934876441955566,4.845360824742268e-05,102252.0,0.6351970732212067,0.008268300354997678,276,,,,,
7.7343,11.720963478088379,4.824742268041237e-05,102551.0,0.6536395102739334,0.008298257964979554,277,,,,,
9.3364,11.4049711227417,4.804123711340206e-05,102890.0,0.6185717582702637,0.008328215574961429,278,,,,,
10.5119,12.09587287902832,4.783505154639176e-05,103220.0,0.5725352242588997,0.008358173184943305,279,,,,,
8.2346,13.014877319335938,4.7628865979381444e-05,103537.0,0.6602361351251602,0.00838813079492518,280,,,,,
10.1489,13.764179229736328,4.7422680412371134e-05,103875.0,0.5666233152151108,0.008418088404907056,281,,,,,
8.3484,10.654012680053711,4.7216494845360824e-05,104286.0,0.6473325788974762,0.008448046014888933,282,,,,,
9.4305,11.35034465789795,4.7010309278350514e-05,104660.0,0.6214673966169357,0.008478003624870807,283,,,,,
9.1799,11.54513931274414,4.680412371134021e-05,105029.0,0.6176568418741226,0.008507961234852684,284,,,,,
7.9464,12.214229583740234,4.65979381443299e-05,105357.0,0.6587149053812027,0.008537918844834558,285,,,,,
8.4737,10.830178260803223,4.639175257731959e-05,105657.0,0.627781942486763,0.008567876454816435,286,,,,,
7.454,11.750799179077148,4.618556701030928e-05,105932.0,0.690059706568718,0.008597834064798311,287,,,,,
8.9579,12.982709884643555,4.5979381443298966e-05,106266.0,0.602586179971695,0.008627791674780186,288,,,,,
9.8238,12.43421745300293,4.577319587628866e-05,106802.0,0.5681430920958519,0.008657749284762062,289,,,,,
6.3873,11.191350936889648,4.556701030927835e-05,107136.0,0.7212978303432465,0.008687706894743937,290,,,,,
10.5306,12.84062671661377,4.536082474226804e-05,107488.0,0.5589528381824493,0.008717664504725813,291,,,,,
8.9757,13.642945289611816,4.5154639175257733e-05,107895.0,0.5782554596662521,0.008747622114707688,292,,,,,
9.4427,11.668098449707031,4.4948453608247424e-05,108358.0,0.5745743662118912,0.008777579724689564,293,,,,,
6.0969,13.312292098999023,4.474226804123712e-05,108561.0,0.7474333792924881,0.00880753733467144,294,,,,,
9.7238,13.741791725158691,4.453608247422681e-05,108904.0,0.574550673365593,0.008837494944653315,295,,,,,
9.7951,11.18954086303711,4.4329896907216494e-05,109307.0,0.5684797540307045,0.008867452554635192,296,,,,,
9.1205,11.650269508361816,4.4123711340206185e-05,109648.0,0.6170110553503036,0.008897410164617066,297,,,,,
9.664,11.920492172241211,4.3917525773195875e-05,110032.0,0.5785844773054123,0.008927367774598943,298,,,,,
8.6885,16.111988067626953,4.371134020618557e-05,110337.0,0.6241980642080307,0.008957325384580819,299,,,,,
8.4814,11.630789756774902,4.350515463917526e-05,110624.0,0.6702214181423187,0.008987282994562694,300,,,,,
11.0933,12.283843994140625,4.329896907216495e-05,111031.0,0.5333085060119629,0.00901724060454457,301,,,,,
8.9426,13.81061840057373,4.309278350515464e-05,111351.0,0.5847591981291771,0.009047198214526445,302,,,,,
6.7303,10.215993881225586,4.2886597938144326e-05,111672.0,0.7151898592710495,0.009077155824508321,303,,,,,
8.1837,11.796968460083008,4.268041237113402e-05,112007.0,0.6316785365343094,0.009107113434490196,304,,,,,
9.2895,11.700685501098633,4.2474226804123713e-05,112441.0,0.6067306101322174,0.009137071044472072,305,,,,,
10.679,11.546697616577148,4.2268041237113404e-05,112958.0,0.5743787735700607,0.009167028654453948,306,,,,,
8.7445,13.246647834777832,4.2061855670103094e-05,113292.0,0.6540767699480057,0.009196986264435823,307,,,,,
9.5091,12.90822982788086,4.1855670103092784e-05,113691.0,0.6106084734201431,0.0092269438744177,308,,,,,
9.7007,13.154282569885254,4.164948453608248e-05,114021.0,0.5948385000228882,0.009256901484399574,309,,,,,
7.7464,11.928361892700195,4.144329896907217e-05,114291.0,0.6578954309225082,0.00928685909438145,310,,,,,
8.0773,10.861616134643555,4.1237113402061855e-05,114633.0,0.6593517810106277,0.009316816704363327,311,,,,,
9.747,11.837706565856934,4.1030927835051545e-05,115121.0,0.5692904144525528,0.009346774314345201,312,,,,,
9.5879,11.332112312316895,4.0824742268041235e-05,115541.0,0.5910141617059708,0.009376731924327078,313,,,,,
7.3998,12.14541244506836,4.061855670103093e-05,115856.0,0.6724317967891693,0.009406689534308952,314,,,,,
8.4375,14.265592575073242,4.041237113402062e-05,116151.0,0.6282555013895035,0.009436647144290829,315,,,,,
10.3192,13.033001899719238,4.020618556701031e-05,116540.0,0.570514127612114,0.009466604754272703,316,,,,,
10.129,12.291683197021484,4e-05,116959.0,0.5559801608324051,0.00949656236425458,317,,,,,
11.1593,11.288629531860352,3.979381443298969e-05,117492.0,0.5376902669668198,0.009526519974236456,318,,,,,
10.879,12.61176872253418,3.9587628865979384e-05,117941.0,0.540626235306263,0.00955647758421833,319,,,,,
6.6659,12.702244758605957,3.9381443298969074e-05,118284.0,0.7045690268278122,0.009586435194200207,320,,,,,
8.9321,13.946920394897461,3.9175257731958764e-05,118626.0,0.5951564311981201,0.009616392804182082,321,,,,,
6.5506,11.722604751586914,3.8969072164948455e-05,118846.0,0.7439248710870743,0.009646350414163958,322,,,,,
9.3415,12.194756507873535,3.8762886597938145e-05,119260.0,0.5745523273944855,0.009676308024145834,323,,,,,
10.9444,12.27176570892334,3.855670103092784e-05,119711.0,0.5201620906591415,0.009706265634127709,324,,,,,
8.7794,10.656747817993164,3.835051546391753e-05,120118.0,0.6446092128753662,0.009736223244109585,325,,,,,
6.1229,11.234884262084961,3.8144329896907216e-05,120372.0,0.7240606844425201,0.00976618085409146,326,,,,,
10.1153,11.91595458984375,3.7938144329896906e-05,120796.0,0.5807864144444466,0.009796138464073336,327,,,,,
8.3094,10.745491981506348,3.7731958762886596e-05,121207.0,0.651537150144577,0.009826096074055211,328,,,,,
8.431,11.996354103088379,3.752577319587629e-05,121513.0,0.6446604132652283,0.009856053684037087,329,,,,,
10.4558,12.516751289367676,3.731958762886598e-05,121921.0,0.5429305359721184,0.009886011294018964,330,,,,,
9.7896,11.802214622497559,3.7113402061855674e-05,122351.0,0.5916285961866379,0.009915968904000838,331,,,,,
8.7864,12.665709495544434,3.6907216494845364e-05,122812.0,0.5747130960226059,0.009945926513982715,332,,,,,
8.7802,11.618396759033203,3.670103092783505e-05,123172.0,0.6169410720467567,0.00997588412396459,333,,,,,
7.925,12.963696479797363,3.6494845360824744e-05,123450.0,0.6568691432476044,0.010005841733946466,334,,,,,
11.7566,11.01485824584961,3.6288659793814435e-05,124050.0,0.513671450316906,0.010035799343928342,335,,,,,
11.5706,11.576966285705566,3.6082474226804125e-05,124505.0,0.5092229247093201,0.010065756953910217,336,,,,,
8.0471,13.396086692810059,3.5876288659793815e-05,124780.0,0.6548172682523727,0.010095714563892093,337,,,,,
9.1401,11.771028518676758,3.5670103092783505e-05,125222.0,0.6090826690196991,0.010125672173873968,338,,,,,
6.59,11.082200050354004,3.54639175257732e-05,125482.0,0.722361370921135,0.010155629783855844,339,,,,,
9.7228,10.998570442199707,3.525773195876289e-05,125930.0,0.5762890204787254,0.010185587393837719,340,,,,,
9.3842,10.902719497680664,3.5051546391752576e-05,126371.0,0.6254829242825508,0.010215545003819595,341,,,,,
8.5156,11.380184173583984,3.4845360824742266e-05,126678.0,0.6254958659410477,0.010245502613801472,342,,,,,
7.9459,14.353689193725586,3.4639175257731957e-05,126962.0,0.6533477008342743,0.010275460223783346,343,,,,,
9.0501,12.215822219848633,3.4432989690721654e-05,127333.0,0.6069112941622734,0.010305417833765223,344,,,,,
10.2545,12.909122467041016,3.4226804123711344e-05,127700.0,0.5764438882470131,0.010335375443747097,345,,,,,
7.9489,13.120201110839844,3.4020618556701034e-05,128041.0,0.6382069289684296,0.010365333053728974,346,,,,,
9.4047,10.86623477935791,3.3814432989690724e-05,128506.0,0.6079038381576538,0.01039529066371085,347,,,,,
9.407,12.369527816772461,3.3608247422680415e-05,128883.0,0.5913493484258652,0.010425248273692725,348,,,,,
8.9364,12.160460472106934,3.3402061855670105e-05,129193.0,0.6150442957878113,0.010455205883674601,349,,,,,
7.112,13.415056228637695,3.3195876288659795e-05,129494.0,0.678875133395195,0.010485163493656476,350,,,,,
10.3108,11.984115600585938,3.2989690721649485e-05,129870.0,0.5748378187417984,0.010515121103638352,351,,,,,
8.9133,12.734923362731934,3.2783505154639176e-05,130328.0,0.5873498022556305,0.010545078713620227,352,,,,,
6.6648,10.870965003967285,3.2577319587628866e-05,130593.0,0.7038121670484543,0.010575036323602103,353,,,,,
9.2128,11.581379890441895,3.237113402061856e-05,131061.0,0.592598482966423,0.01060499393358398,354,,,,,
9.4134,11.759306907653809,3.216494845360825e-05,131450.0,0.5939373522996902,0.010634951543565854,355,,,,,
10.7655,11.859862327575684,3.1958762886597937e-05,131910.0,0.5569555461406708,0.01066490915354773,356,,,,,
10.1421,11.471245765686035,3.175257731958763e-05,132328.0,0.5513806864619255,0.010694866763529605,357,,,,,
8.3013,11.907971382141113,3.154639175257732e-05,132644.0,0.640982523560524,0.010724824373511481,358,,,,,
9.0007,12.515182495117188,3.1340206185567014e-05,132964.0,0.6309033334255219,0.010754781983493358,359,,,,,
10.282,12.73432445526123,3.1134020618556704e-05,133447.0,0.5573021993041039,0.010784739593475232,360,,,,,
6.3964,12.303821563720703,3.0927835051546395e-05,133719.0,0.7426307871937752,0.010814697203457109,361,,,,,
10.4139,13.345085144042969,3.0721649484536085e-05,134154.0,0.5418345779180527,0.010844654813438983,362,,,,,
7.3675,10.96495246887207,3.051546391752578e-05,134521.0,0.6796829700469971,0.01087461242342086,363,,,,,
7.2863,10.594049453735352,3.0309278350515462e-05,134820.0,0.7000894993543625,0.010904570033402734,364,,,,,
8.67,10.77963638305664,3.0103092783505156e-05,135258.0,0.6164529323577881,0.01093452764338461,365,,,,,
8.8304,11.676334381103516,2.9896907216494846e-05,135596.0,0.6013818755745888,0.010964485253366487,366,,,,,
9.2463,13.824114799499512,2.9690721649484536e-05,135918.0,0.6070020347833633,0.010994442863348362,367,,,,,
8.9298,11.469683647155762,2.948453608247423e-05,136286.0,0.6128823310136795,0.011024400473330238,368,,,,,
8.1153,11.363078117370605,2.927835051546392e-05,136684.0,0.6345409899950027,0.011054358083312113,369,,,,,
7.8992,13.087292671203613,2.907216494845361e-05,136958.0,0.656433716416359,0.011084315693293989,370,,,,,
7.3065,12.615081787109375,2.8865979381443297e-05,137294.0,0.6602684259414673,0.011114273303275865,371,,,,,
8.3732,12.782623291015625,2.865979381443299e-05,137604.0,0.6440466046333313,0.01114423091325774,372,,,,,
7.8176,12.458651542663574,2.845360824742268e-05,137942.0,0.6686459630727768,0.011174188523239616,373,,,,,
7.458,13.47325611114502,2.824742268041237e-05,138229.0,0.6698756664991379,0.011204146133221491,374,,,,,
8.2679,10.947479248046875,2.8041237113402065e-05,138672.0,0.6113709658384323,0.011234103743203367,375,,,,,
8.3053,12.94755744934082,2.7835051546391755e-05,139041.0,0.5984709709882736,0.011264061353185242,376,,,,,
11.0531,14.399210929870605,2.7628865979381445e-05,139489.0,0.5450361296534538,0.011294018963167118,377,,,,,
10.2733,12.715892791748047,2.742268041237114e-05,139915.0,0.5724305957555771,0.011323976573148995,378,,,,,
10.5965,12.754361152648926,2.7216494845360823e-05,140339.0,0.5341213569045067,0.01135393418313087,379,,,,,
10.2205,12.785391807556152,2.7010309278350516e-05,140826.0,0.5369506031274796,0.011383891793112746,380,,,,,
10.5632,13.696624755859375,2.6804123711340206e-05,141340.0,0.5494388043880463,0.01141384940309462,381,,,,,
7.5831,12.187198638916016,2.6597938144329897e-05,141648.0,0.6848735064268112,0.011443807013076497,382,,,,,
7.7674,10.764762878417969,2.639175257731959e-05,142009.0,0.6347213312983513,0.011473764623058373,383,,,,,
9.3058,11.786643028259277,2.618556701030928e-05,142383.0,0.6162902414798737,0.011503722233040248,384,,,,,
9.7152,14.245946884155273,2.597938144329897e-05,142753.0,0.5455876812338829,0.011533679843022124,385,,,,,
10.1946,10.991546630859375,2.5773195876288658e-05,143210.0,0.5643665865063667,0.011563637453003999,386,,,,,
8.456,11.543596267700195,2.556701030927835e-05,143581.0,0.6355602145195007,0.011593595062985875,387,,,,,
8.7573,12.189715385437012,2.536082474226804e-05,144029.0,0.6418706625699997,0.01162355267296775,388,,,,,
8.3597,12.28722095489502,2.5154639175257732e-05,144403.0,0.6524433195590973,0.011653510282949626,389,,,,,
9.0322,13.89162826538086,2.4948453608247425e-05,144777.0,0.6190454214811325,0.011683467892931503,390,,,,,
9.0212,13.52224349975586,2.4742268041237116e-05,145117.0,0.6159390360116959,0.011713425502913377,391,,,,,
7.1658,13.698938369750977,2.4536082474226803e-05,145354.0,0.6928345263004303,0.011743383112895254,392,,,,,
9.2521,12.51814079284668,2.4329896907216496e-05,145757.0,0.6067203432321548,0.011773340722877128,393,,,,,
8.1673,13.690794944763184,2.4123711340206186e-05,146030.0,0.6386709064245224,0.011803298332859005,394,,,,,
9.349,12.991612434387207,2.391752577319588e-05,146386.0,0.5989610552787781,0.011833255942840881,395,,,,,
8.1601,10.55516529083252,2.3711340206185567e-05,146871.0,0.6419963836669922,0.011863213552822756,396,,,,,
8.9293,11.174723625183105,2.3505154639175257e-05,147277.0,0.6033616960048676,0.011893171162804632,397,,,,,
8.2215,11.871041297912598,2.329896907216495e-05,147635.0,0.6414381265640259,0.011923128772786507,398,,,,,
10.0818,12.009379386901855,2.309278350515464e-05,148014.0,0.5951080620288849,0.011953086382768383,399,,,,,
9.1075,13.055166244506836,2.288659793814433e-05,148323.0,0.6469864845275879,0.01198304399275026,400,,,,,
7.6114,12.257497787475586,2.268041237113402e-05,148579.0,0.678690105676651,0.012013001602732134,401,,,,,
8.7944,13.65886402130127,2.2474226804123712e-05,148867.0,0.6158769279718399,0.01204295921271401,402,,,,,
8.931,12.516887664794922,2.2268041237113405e-05,149244.0,0.6211532205343246,0.012072916822695885,403,,,,,
12.5458,12.766678810119629,2.2061855670103092e-05,149657.0,0.521772526204586,0.012102874432677761,404,,,,,
8.7428,12.524770736694336,2.1855670103092786e-05,150081.0,0.6073392778635025,0.012132832042659636,405,,,,,
8.2532,12.497969627380371,2.1649484536082476e-05,150421.0,0.6372969374060631,0.012162789652641512,406,,,,,
8.2348,11.486623764038086,2.1443298969072163e-05,150819.0,0.6097858622670174,0.012192747262623389,407,,,,,
9.9336,10.971799850463867,2.1237113402061857e-05,151283.0,0.5660462379455566,0.012222704872605263,408,,,,,
9.9427,12.428770065307617,2.1030927835051547e-05,151732.0,0.5594227612018585,0.01225266248258714,409,,,,,
8.5656,11.795426368713379,2.082474226804124e-05,152069.0,0.5962434411048889,0.012282620092569014,410,,,,,
9.0333,11.787415504455566,2.0618556701030927e-05,152449.0,0.6220248937606812,0.01231257770255089,411,,,,,
9.1644,11.034585952758789,2.0412371134020618e-05,152903.0,0.5969957858324051,0.012342535312532767,412,,,,,
8.2664,12.090250015258789,2.020618556701031e-05,153279.0,0.6365537792444229,0.012372492922514642,413,,,,,
9.1711,12.048327445983887,2e-05,153657.0,0.5955800414085388,0.012402450532496518,414,,,,,
9.4398,11.837722778320312,1.9793814432989692e-05,154098.0,0.5918976962566376,0.012432408142478393,415,,,,,
8.5479,11.726430892944336,1.9587628865979382e-05,154527.0,0.619227945804596,0.012462365752460269,416,,,,,
10.8387,12.622111320495605,1.9381443298969072e-05,154969.0,0.545015498995781,0.012492323362442144,417,,,,,
9.1804,11.636067390441895,1.9175257731958766e-05,155406.0,0.597446545958519,0.01252228097242402,418,,,,,
8.8133,11.991015434265137,1.8969072164948453e-05,155890.0,0.6161661297082901,0.012552238582405896,419,,,,,
9.8961,12.01562213897705,1.8762886597938147e-05,156358.0,0.574823871254921,0.012582196192387771,420,,,,,
6.4382,12.103775978088379,1.8556701030927837e-05,156645.0,0.673914760351181,0.012612153802369647,421,,,,,
10.2316,11.436732292175293,1.8350515463917524e-05,157148.0,0.5504274442791939,0.012642111412351522,422,,,,,
9.0478,11.803210258483887,1.8144329896907217e-05,157514.0,0.6349908858537674,0.012672069022333398,423,,,,,
8.3398,12.389701843261719,1.7938144329896908e-05,157839.0,0.6315552592277527,0.012702026632315275,424,,,,,
10.0381,13.287309646606445,1.77319587628866e-05,158247.0,0.5857077166438103,0.01273198424229715,425,,,,,
9.4294,11.862581253051758,1.7525773195876288e-05,158613.0,0.5873477756977081,0.012761941852279026,426,,,,,
8.3501,14.226130485534668,1.7319587628865978e-05,158897.0,0.6389026343822479,0.0127918994622609,427,,,,,
8.9363,11.518200874328613,1.7113402061855672e-05,159262.0,0.6155597344040871,0.012821857072242777,428,,,,,
9.9426,12.820213317871094,1.6907216494845362e-05,159683.0,0.5571337714791298,0.012851814682224651,429,,,,,
5.1063,11.957197189331055,1.6701030927835052e-05,159945.0,0.7455273419618607,0.012881772292206528,430,,,,,
6.9413,11.870588302612305,1.6494845360824743e-05,160255.0,0.6735011786222458,0.012911729902188404,431,,,,,
9.6234,12.462422370910645,1.6288659793814433e-05,160779.0,0.5996453613042831,0.012941687512170279,432,,,,,
9.6272,12.73697280883789,1.6082474226804127e-05,161218.0,0.5839973166584969,0.012971645122152155,433,,,,,
8.9672,12.13631534576416,1.5876288659793813e-05,161636.0,0.604648694396019,0.01300160273213403,434,,,,,
8.8795,14.27467155456543,1.5670103092783507e-05,161964.0,0.6077207773923874,0.013031560342115906,435,,,,,
8.99,13.693878173828125,1.5463917525773197e-05,162270.0,0.6186291575431824,0.013061517952097782,436,,,,,
10.8128,15.489041328430176,1.525773195876289e-05,162642.0,0.5734360888600349,0.013091475562079657,437,,,,,
8.8113,14.734661102294922,1.5051546391752578e-05,162973.0,0.62076136469841,0.013121433172061533,438,,,,,
8.3406,14.595730781555176,1.4845360824742268e-05,163246.0,0.6437638401985168,0.013151390782043408,439,,,,,
8.9989,17.634521484375,1.463917525773196e-05,163583.0,0.5862847343087196,0.013181348392025284,440,,,,,
10.1156,12.006393432617188,1.4432989690721649e-05,164002.0,0.5729620605707169,0.013211306002007159,441,,,,,
11.2133,12.174756050109863,1.422680412371134e-05,164424.0,0.5330609083175659,0.013241263611989035,442,,,,,
8.3955,12.59339714050293,1.4020618556701032e-05,164704.0,0.6539581269025803,0.013271221221970912,443,,,,,
8.7164,11.599343299865723,1.3814432989690723e-05,165063.0,0.6261794790625572,0.013301178831952786,444,,,,,
10.2967,12.501738548278809,1.3608247422680411e-05,165576.0,0.5474661961197853,0.013331136441934663,445,,,,,
10.1013,15.287841796875,1.3402061855670103e-05,166025.0,0.5692847967147827,0.013361094051916537,446,,,,,
7.023,11.287179946899414,1.3195876288659795e-05,166282.0,0.6961075961589813,0.013391051661898414,447,,,,,
9.5058,12.668889999389648,1.2989690721649485e-05,166700.0,0.5733751952648163,0.01342100927188029,448,,,,,
7.4875,11.84395694732666,1.2783505154639176e-05,167009.0,0.6869184970855713,0.013450966881862165,449,,,,,
8.6681,12.606099128723145,1.2577319587628866e-05,167350.0,0.6476462930440903,0.013480924491844041,450,,,,,
8.3847,11.07392692565918,1.2371134020618558e-05,167740.0,0.6209153383970261,0.013510882101825916,451,,,,,
10.4892,11.419716835021973,1.2164948453608248e-05,168169.0,0.5383445024490356,0.013540839711807792,452,,,,,
9.7883,11.648693084716797,1.195876288659794e-05,168572.0,0.5972547382116318,0.013570797321789667,453,,,,,
9.8137,13.491043090820312,1.1752577319587629e-05,168979.0,0.5820524543523788,0.013600754931771543,454,,,,,
9.1349,12.158029556274414,1.154639175257732e-05,169457.0,0.5978746861219406,0.01363071254175342,455,,,,,
7.1842,13.741283416748047,1.134020618556701e-05,169791.0,0.7016473114490509,0.013660670151735294,456,,,,,
9.8084,12.108388900756836,1.1134020618556703e-05,170240.0,0.575828418135643,0.01369062776171717,457,,,,,
11.3483,11.547441482543945,1.0927835051546393e-05,170768.0,0.49482935667037964,0.013720585371699045,458,,,,,
10.619,12.833526611328125,1.0721649484536082e-05,171216.0,0.5495854392647743,0.013750542981680922,459,,,,,
8.6615,11.633208274841309,1.0515463917525773e-05,171559.0,0.6177717298269272,0.013780500591662798,460,,,,,
11.0999,12.615384101867676,1.0309278350515464e-05,171985.0,0.5482170581817627,0.013810458201644673,461,,,,,
9.3368,13.96130084991455,1.0103092783505156e-05,172411.0,0.5775545239448547,0.013840415811626549,462,,,,,
10.2852,12.300779342651367,9.896907216494846e-06,172792.0,0.5856902450323105,0.013870373421608424,463,,,,,
9.2155,12.829283714294434,9.690721649484536e-06,173246.0,0.5927092880010605,0.0139003310315903,464,,,,,
8.3868,13.364814758300781,9.484536082474226e-06,173574.0,0.6673782020807266,0.013930288641572175,465,,,,,
9.1844,12.593690872192383,9.278350515463918e-06,173934.0,0.6329133212566376,0.013960246251554051,466,,,,,
10.7785,12.592622756958008,9.072164948453609e-06,174413.0,0.5420611500740051,0.013990203861535927,467,,,,,
7.779,11.993945121765137,8.8659793814433e-06,174702.0,0.6578377932310104,0.014020161471517802,468,,,,,
8.3455,14.217188835144043,8.659793814432989e-06,175096.0,0.6377733945846558,0.014050119081499678,469,,,,,
10.4964,13.528026580810547,8.453608247422681e-06,175530.0,0.5374867916107178,0.014080076691481553,470,,,,,
8.6143,15.23404312133789,8.247422680412371e-06,175888.0,0.6281279027462006,0.01411003430146343,471,,,,,
8.4917,12.694933891296387,8.041237113402063e-06,176226.0,0.6204484850168228,0.014139991911445306,472,,,,,
10.0579,13.814958572387695,7.835051546391754e-06,176691.0,0.5483322218060493,0.01416994952142718,473,,,,,
9.1403,11.298226356506348,7.628865979381445e-06,177158.0,0.6164659708738327,0.014199907131409057,474,,,,,
9.0841,11.991894721984863,7.422680412371134e-06,177545.0,0.6254446655511856,0.014229864741390931,475,,,,,
9.0602,10.8377103805542,7.216494845360824e-06,178020.0,0.5907597541809082,0.014259822351372808,476,,,,,
9.8189,12.193947792053223,7.010309278350516e-06,178418.0,0.6035817265510559,0.014289779961354682,477,,,,,
9.2867,14.380919456481934,6.804123711340206e-06,178881.0,0.5872998237609863,0.014319737571336559,478,,,,,
10.1646,13.088839530944824,6.597938144329898e-06,179299.0,0.5416788682341576,0.014349695181318435,479,,,,,
9.6826,13.083396911621094,6.391752577319588e-06,179725.0,0.5799487233161926,0.01437965279130031,480,,,,,
9.2115,12.426273345947266,6.185567010309279e-06,180044.0,0.5943416953086853,0.014409610401282186,481,,,,,
8.6246,10.72744083404541,5.97938144329897e-06,180547.0,0.5976334065198898,0.01443956801126406,482,,,,,
8.2228,13.667221069335938,5.77319587628866e-06,180811.0,0.654669389128685,0.014469525621245937,483,,,,,
9.3274,11.188713073730469,5.567010309278351e-06,181251.0,0.6125886589288712,0.014499483231227813,484,,,,,
8.621,13.14284896850586,5.360824742268041e-06,181517.0,0.6259181946516037,0.014529440841209688,485,,,,,
8.5501,13.139874458312988,5.154639175257732e-06,181778.0,0.6244806349277496,0.014559398451191564,486,,,,,
8.0362,11.642630577087402,4.948453608247423e-06,182085.0,0.6487991660833359,0.014589356061173439,487,,,,,
8.8692,12.222212791442871,4.742268041237113e-06,182513.0,0.608942985534668,0.014619313671155315,488,,,,,
9.0201,11.343177795410156,4.536082474226804e-06,182958.0,0.5988637804985046,0.01464927128113719,489,,,,,
8.085,13.595733642578125,4.3298969072164946e-06,183246.0,0.6480349153280258,0.014679228891119066,490,,,,,
10.0862,12.927120208740234,4.123711340206186e-06,183632.0,0.5760765373706818,0.014709186501100943,491,,,,,
7.8833,11.406392097473145,3.917525773195877e-06,184000.0,0.6452859789133072,0.014739144111082817,492,,,,,
11.4212,13.20132827758789,3.711340206185567e-06,184453.0,0.5193503871560097,0.014769101721064694,493,,,,,
9.1928,14.161543846130371,3.505154639175258e-06,184891.0,0.6038539558649063,0.014799059331046568,494,,,,,
7.8636,11.327934265136719,3.298969072164949e-06,185242.0,0.6507003009319305,0.014829016941028445,495,,,,,
10.1926,13.519630432128906,3.0927835051546395e-06,185596.0,0.5594372004270554,0.014858974551010321,496,,,,,
8.64,13.128575325012207,2.88659793814433e-06,185931.0,0.6315311640501022,0.014888932160992196,497,,,,,
8.678,12.779338836669922,2.6804123711340204e-06,186324.0,0.6129551976919174,0.014918889770974072,498,,,,,
9.6691,11.687161445617676,2.4742268041237115e-06,186707.0,0.583963118493557,0.014948847380955947,499,,,,,
9.4549,13.752079010009766,2.268041237113402e-06,187040.0,0.6063020974397659,0.014978804990937823,500,,,,,
,,,,,0.014978804990937823,500,1783.8405,1.121,0.28,4100564963927040.0,10.302970103263855
