"RelativePath","SHA256","SizeBytes"
"00_Master\Low_Resource_Translation_Experiment_Tracker.xlsx","BEF3A47E1BB34ADBA06B3748415AA6DF5AA36B39321E5BFB1EA86F72732C7F38","9751"
"00_Master\MTP_FINAL_RESULTS.csv","785F25C8B69731B4FF4C622420E31AE058013D57D875063B6D14480C17534E0E","161"
"01_Gemma3_4B_Bhili\Gemma3_4B_Bhili_checkpoint500_FINAL.zip","6F48BEF92FB84FCC1107044F9748041D2A6FE805E799614F4A494F36DA2EBF9F","167066494"
"01_Gemma3_4B_Bhili\Gemma3_4B_Bhili_FINAL_SAFE_RESULTS.zip","49BB6B5F8BE614CED09DF5C089012B376BC81723D8250108C04995B0E9B437F6","1304279"
"01_Gemma3_4B_Bhili\Gemma3_4B_Bhili_Hindi_FINAL_Evidence.zip","BB4210791D0F124DE3B27F88E611BFA59A50B26E2F020A72972F4E1D602A1C26","132106862"
"01_Gemma3_4B_Bhili\Gemma3_4B_Bhili_test_predictions_FINAL.csv","C2EF07A4A235F1E7EA298573F5F1A652CA36508CA39DF006ED5746164D378000","7048101"
"01_Gemma3_4B_Bhili\Gemma3_4B_Bhili_test_predictions_with_COMET.csv","653605FF0330A48BE65E685AD9AB02E98F3D070056F0700DE9F0EC109B091018","7188931"
"02_Gemma3_4B_Mundari\Gemma3_4B_Mundari_checkpoint500_FINAL.zip","6B7FD8774A0775EC3620027B5CAC453CADC6895041DBE14862B9308AA51C6D7B","172625716"
"02_Gemma3_4B_Mundari\Gemma3_4B_Mundari_Hindi_FINAL_Evidence.zip","A9E919046C40C37BDE204716DF2D7CFC723D3D6CAD2AF4E65B15687A8A1EDAA0","147359528"
"02_Gemma3_4B_Mundari\Gemma3_4B_Mundari_test_predictions_FINAL.csv","0599EAA9E4051BFD39EC902D8980394AB86F37958185559CBDEE8489464A77C1","4941843"
"02_Gemma3_4B_Mundari\Gemma3_4B_Mundari_test_predictions_with_COMET.csv","3DFBFFF922119C8F9ADCAE74E781CCD28A16619C973DA22F38FAB69C5C89389A","5088295"
"03_Gemma3_4B_Gondi\Gemma3_4B_Gondi_checkpoint500_FINAL.zip","B8B7E6BCCEAF10682C6DD59BC8DBDCE8288BDDD7EE1E0B64957789675F6AA07B","172696124"
"03_Gemma3_4B_Gondi\Gemma3_4B_Gondi_FINAL_RESULTS.zip","4868C26FD4545CAADD79AE8B1ADB7E4F10678A3393C7C9127D8EC41539BF3389","1343197"
"03_Gemma3_4B_Gondi\Gemma3_4B_Gondi_FINAL_VERIFICATION_BUNDLE.zip","DADFC69F40C8F34347F23D2A3AB47903B0BF474F02CFA4D5458F0B0F786466A9","305468847"
"03_Gemma3_4B_Gondi\Gemma3_4B_Gondi_Hindi_FINAL_Evidence.zip","FD0614A641411A05D0670F2A1F99700B604D713B8DC03588768A7BB002A4D31E","131428753"
"03_Gemma3_4B_Gondi\Gemma3_4B_Gondi_TRAINING_BUNDLE.zip","906E1C6CAC3D272AEDE0C03A8E9CD5E293A721012776F2CBD8F5144DE6242623","302644736"
"_OLD_OR_DEBUG\DUPLICATE_test_predictions_FINAL.csv","C2EF07A4A235F1E7EA298573F5F1A652CA36508CA39DF006ED5746164D378000","7048101"
"_OLD_OR_DEBUG\DUPLICATE_test_predictions_FINAL_REPAIRED (1).csv","C2EF07A4A235F1E7EA298573F5F1A652CA36508CA39DF006ED5746164D378000","7048101"
"_OLD_OR_DEBUG\DUPLICATE_test_predictions_FINAL_REPAIRED.csv","C2EF07A4A235F1E7EA298573F5F1A652CA36508CA39DF006ED5746164D378000","7048101"
"_OLD_OR_DEBUG\Gemma3_27B_Bhili_checkpoint50_FINAL.zip","86FA553240E293B755B8E260569E01EE55370FEF36F5601A173385D40E9124B7","627251118"
"_OLD_OR_DEBUG\Gemma3_27B_Bhili_Hindi_FINAL_Evidence.zip","BF792B3F929A1686FB0FA17A676B2C9EBCE06B789BD77A888AF977EAF189A4E9","440721170"
"_OLD_OR_DEBUG\Gemma3_4B_Mundari_INFERENCE_PROGRESS.zip","79BD98C5D567B3827AB1BF5701A997F98CC5A8FE0DB0BE9198A632D0D56ED04C","1084459"
"_OLD_OR_DEBUG\OLD_1730_ROWS_test_predictions (2).csv","CE2806049761AE9F80F2DAD827A1BF10AE4CC2F9C700290F0257226537CDF736","2112926"
"_OLD_OR_DEBUG\OLD_202_ROWS_test_predictions.csv","AE420AA9F6C5D426E7E90FB5964F346437E883C85D253E40CFFE2C80A0632883","359906"
"_OLD_OR_DEBUG\OLD_2818_ROWS_test_predictions (3).csv","6D8661F7A1B317209E5C7FC27F6F6D0C8D4BA8BBE42E0E9D086DFBA4095F8E6E","2733487"
"_OLD_OR_DEBUG\OLD_3218_ROWS_test_predictions (4).csv","CF2B9733BA31654FF1AA9CB4AABAF173133F2710479A49486C719421558F1072","2954445"
"_OLD_OR_DEBUG\OLD_3986_ROWS_test_predictions (5).csv","9FC8288A1DA65C8468C9769A9778EE920F2BC1AB31434F5BF0FD455296571760","3394039"
"_OLD_OR_DEBUG\OLD_4722_ROWS_test_predictions (6).csv","F443E95909B748E2AF52C7049D34C1228B2B681BF0F5A74CD9244A1249574A7B","3791766"
"_OLD_OR_DEBUG\OLD_5378_ROWS_test_predictions (7).csv","E3B5E3184AF8460909808060AD3577A88164EC6F0341D7C0BB4285323820E101","4177484"
"_OLD_OR_DEBUG\OLD_930_ROWS_test_predictions (1).csv","FE7CC55C0B504042EDC4287AAB81E234DB3B967963E0A9563675386872BEF03B","1650086"
"_OLD_OR_DEBUG\OLD_Gemma3_4B_Mundari_Hindi_FINAL_Evidence.zip","A9E919046C40C37BDE204716DF2D7CFC723D3D6CAD2AF4E65B15687A8A1EDAA0","147359528"
"_OLD_OR_DEBUG\OLD_MTP_FINAL_RESULTS.csv","7DEE286612FD4321EBB16642598B82C0DAA46644312B0749E3C415A964B6CDE6","87"
"_OLD_OR_DEBUG\test_predictions (1).csv","FE7CC55C0B504042EDC4287AAB81E234DB3B967963E0A9563675386872BEF03B","1650086"
"_OLD_OR_DEBUG\uploaded_predictions_RAW_BACKUP.csv","6D8661F7A1B317209E5C7FC27F6F6D0C8D4BA8BBE42E0E9D086DFBA4095F8E6E","2733487"
